goodBet,betStrength,oddsCalculated,oddsSkyBet,time,title
False,0.8007666954956639,1.498563822334314,1.2,15:15,Real Madrid vs Melilla
True,1.0254506425957013,1.253804164050046,1.2857142857142856,19:00,Feyenoord vs VVV Venlo
True,1.1130677677920815,1.2977147360126084,1.4444444444444444,14:00,Mumbai City vs Chennaiyin FC
