goodBet,betStrength,oddsCalculated,oddsSkyBet,time,title
True,1.1119770231694714,1.1241239467674622,1.25,17:55,Plzen vs Roma
False,0.9217877094972068,1.356060606060606,1.25,17:55,Real Madrid vs CSKA Moscow
True,1.2086232306268634,1.1031836055656383,1.3333333333333333,20:00,Ajax vs Bayern Munich
False,0.8985376928042019,1.5580871133305594,1.4,20:00,BSC Young Boys vs Juventus
False,0.9059294116434985,1.5944337670017743,1.4444444444444444,20:00,Benfica vs AEK Athens
False,0.9217877094972068,1.3948051948051945,1.2857142857142856,20:00,Manchester City vs 1899 Hoffenheim
False,0.6858797549868262,1.9881566028473245,1.3636363636363638,20:00,Shakhtar Donetsk vs Lyon
False,0.9407877436229944,1.449462296760978,1.3636363636363638,20:00,Valencia vs Manchester Utd
True,1.053372731889746,1.2945430637738329,1.3636363636363638,23:45,Atlético PR vs Junior
